from,to
greg.whalley,k..allen
louise.kitchen,k..allen
louise.kitchen,k..allen
errol.mclaughlin,john.arnold
mike.grigsby,john.arnold
john.griffith,john.arnold
dutch.quigley,john.arnold
dutch.quigley,john.arnold
louise.kitchen,john.arnold
dutch.quigley,john.arnold
dutch.quigley,john.arnold
errol.mclaughlin,john.arnold
s..shively,john.arnold
mike.grigsby,john.arnold
mike.grigsby,john.arnold
john.griffith,john.arnold
louise.kitchen,john.arnold
louise.kitchen,john.arnold
richard.shapiro,harry.arora
louise.kitchen,harry.arora
sally.beck,harry.arora
matthew.lenhart,eric.bass
matthew.lenhart,eric.bass
matthew.lenhart,eric.bass
a..martin,eric.bass
matthew.lenhart,eric.bass
m..love,eric.bass
m..love,eric.bass
m..love,eric.bass
monique.sanchez,eric.bass
charles.weldon,eric.bass
jeff.king,don.baughman
w..delainey,sally.beck
w..delainey,sally.beck
w..delainey,sally.beck
w..delainey,sally.beck
louise.kitchen,sally.beck
louise.kitchen,sally.beck
louise.kitchen,sally.beck
louise.kitchen,sally.beck
louise.kitchen,sally.beck
louise.kitchen,sally.beck
louise.kitchen,sally.beck
louise.kitchen,sally.beck
louise.kitchen,sally.beck
w..white,sally.beck
rod.hayslett,sally.beck
rod.hayslett,sally.beck
rick.buy,sally.beck
rod.hayslett,sally.beck
louise.kitchen,sally.beck
louise.kitchen,sally.beck
w..white,sally.beck
louise.kitchen,sally.beck
m..presto,robert.benson
dana.davis,robert.benson
w..white,robert.benson
dana.davis,robert.benson
louise.kitchen,robert.benson
joe.quenet,robert.benson
m..presto,robert.benson
dana.davis,robert.benson
m..presto,robert.benson
m..presto,robert.benson
m..presto,robert.benson
m..presto,robert.benson
susan.scott,robert.benson
m..presto,robert.benson
m..presto,robert.benson
m..presto,robert.benson
m..presto,robert.benson
m..presto,robert.benson
m..presto,robert.benson
michelle.lokay,lynn.blair
lindy.donoho,lynn.blair
lindy.donoho,lynn.blair
shelley.corman,lynn.blair
shelley.corman,lynn.blair
shelley.corman,lynn.blair
kimberly.watson,lynn.blair
shelley.corman,lynn.blair
lindy.donoho,lynn.blair
shelley.corman,lynn.blair
shelley.corman,lynn.blair
shelley.corman,lynn.blair
lindy.donoho,lynn.blair
bill.rapp,lynn.blair
scott.neal,f..brawner
scott.neal,f..brawner
scott.neal,f..brawner
louise.kitchen,f..brawner
jim.schwieger,f..brawner
vladi.pimenov,f..brawner
andrea.ring,f..brawner
scott.neal,f..brawner
l..mims,f..brawner
j.kaminski,rick.buy
j.kaminski,rick.buy
sally.beck,rick.buy
m..presto,rick.buy
sally.beck,rick.buy
louise.kitchen,rick.buy
louise.kitchen,rick.buy
louise.kitchen,rick.buy
louise.kitchen,rick.buy
louise.kitchen,rick.buy
louise.kitchen,rick.buy
louise.kitchen,rick.buy
louise.kitchen,rick.buy
louise.kitchen,rick.buy
louise.kitchen,rick.buy
louise.kitchen,rick.buy
louise.kitchen,rick.buy
louise.kitchen,rick.buy
j..kean,rick.buy
w..delainey,rick.buy
a..shankman,rick.buy
a..shankman,rick.buy
a..shankman,rick.buy
louise.kitchen,rick.buy
stanley.horton,rick.buy
sally.beck,rick.buy
louise.kitchen,rick.buy
stanley.horton,rick.buy
greg.whalley,rick.buy
a..shankman,rick.buy
kenneth.lay,rick.buy
kenneth.lay,rick.buy
stanley.horton,rick.buy
sally.beck,rick.buy
louise.kitchen,rick.buy
sally.beck,rick.buy
j..kean,rick.buy
louise.kitchen,rick.buy
a..shankman,rick.buy
j..kean,rick.buy
don.baughman,f..campbell
don.baughman,f..campbell
don.baughman,f..campbell
joe.stepenovitch,f..campbell
d..thomas,f..campbell
don.baughman,f..campbell
d..thomas,f..campbell
don.baughman,f..campbell
don.baughman,f..campbell
susan.scott,f..campbell
susan.scott,f..campbell
d..thomas,f..campbell
don.baughman,f..campbell
louise.kitchen,mike.carson
louise.kitchen,mike.carson
eric.saibi,mike.carson
j..sturm,mike.carson
j..sturm,mike.carson
j..kean,michelle.cash
stanley.horton,shelley.corman
michelle.lokay,shelley.corman
lynn.blair,shelley.corman
lynn.blair,shelley.corman
teb.lokey,shelley.corman
teb.lokey,shelley.corman
rod.hayslett,shelley.corman
rod.hayslett,shelley.corman
tracy.geaccone,shelley.corman
rod.hayslett,shelley.corman
rod.hayslett,shelley.corman
tracy.geaccone,shelley.corman
lynn.blair,shelley.corman
stanley.horton,shelley.corman
lynn.blair,shelley.corman
lynn.blair,shelley.corman
rod.hayslett,shelley.corman
kevin.hyatt,shelley.corman
kimberly.watson,shelley.corman
lindy.donoho,shelley.corman
darrell.schoolcraft,shelley.corman
teb.lokey,shelley.corman
lynn.blair,shelley.corman
lynn.blair,shelley.corman
lynn.blair,shelley.corman
lynn.blair,shelley.corman
lynn.blair,shelley.corman
lynn.blair,shelley.corman
lynn.blair,shelley.corman
lynn.blair,shelley.corman
lynn.blair,shelley.corman
lynn.blair,shelley.corman
lynn.blair,shelley.corman
rod.hayslett,shelley.corman
lynn.blair,shelley.corman
d..steffes,shelley.corman
lynn.blair,shelley.corman
darrell.schoolcraft,shelley.corman
lynn.blair,shelley.corman
lynn.blair,shelley.corman
lynn.blair,shelley.corman
lynn.blair,shelley.corman
lynn.blair,shelley.corman
lynn.blair,shelley.corman
lynn.blair,shelley.corman
cara.semperger,sean.crandall
cara.semperger,sean.crandall
cara.semperger,sean.crandall
cara.semperger,sean.crandall
cooper.richey,sean.crandall
diana.scholtes,sean.crandall
stephanie.panus,sean.crandall
cara.semperger,sean.crandall
diana.scholtes,sean.crandall
diana.scholtes,sean.crandall
diana.scholtes,sean.crandall
diana.scholtes,sean.crandall
cara.semperger,sean.crandall
cara.semperger,sean.crandall
diana.scholtes,sean.crandall
diana.scholtes,sean.crandall
diana.scholtes,sean.crandall
diana.scholtes,sean.crandall
diana.scholtes,sean.crandall
cara.semperger,sean.crandall
diana.scholtes,sean.crandall
diana.scholtes,sean.crandall
matt.motley,sean.crandall
cara.semperger,sean.crandall
cara.semperger,sean.crandall
cara.semperger,sean.crandall
diana.scholtes,sean.crandall
diana.scholtes,sean.crandall
cara.semperger,sean.crandall
diana.scholtes,sean.crandall
cara.semperger,sean.crandall
cara.semperger,sean.crandall
diana.scholtes,sean.crandall
d..steffes,jeff.dasovich
d..steffes,jeff.dasovich
d..steffes,jeff.dasovich
d..steffes,jeff.dasovich
d..steffes,jeff.dasovich
d..steffes,jeff.dasovich
richard.shapiro,jeff.dasovich
richard.shapiro,jeff.dasovich
d..steffes,jeff.dasovich
d..steffes,jeff.dasovich
d..steffes,jeff.dasovich
d..steffes,jeff.dasovich
barry.tycholiz,jeff.dasovich
d..steffes,jeff.dasovich
barry.tycholiz,jeff.dasovich
richard.shapiro,jeff.dasovich
richard.shapiro,jeff.dasovich
d..steffes,jeff.dasovich
d..steffes,jeff.dasovich
richard.shapiro,jeff.dasovich
richard.shapiro,jeff.dasovich
d..steffes,jeff.dasovich
d..steffes,jeff.dasovich
d..steffes,jeff.dasovich
d..steffes,jeff.dasovich
richard.shapiro,jeff.dasovich
d..steffes,jeff.dasovich
barry.tycholiz,jeff.dasovich
richard.shapiro,jeff.dasovich
d..steffes,jeff.dasovich
d..steffes,jeff.dasovich
d..steffes,jeff.dasovich
barry.tycholiz,jeff.dasovich
d..steffes,jeff.dasovich
d..steffes,jeff.dasovich
richard.shapiro,jeff.dasovich
richard.shapiro,jeff.dasovich
d..steffes,jeff.dasovich
richard.shapiro,jeff.dasovich
richard.shapiro,jeff.dasovich
d..steffes,jeff.dasovich
richard.shapiro,jeff.dasovich
d..steffes,jeff.dasovich
barry.tycholiz,jeff.dasovich
d..steffes,jeff.dasovich
d..steffes,jeff.dasovich
richard.shapiro,jeff.dasovich
d..steffes,jeff.dasovich
d..steffes,jeff.dasovich
d..steffes,jeff.dasovich
d..steffes,jeff.dasovich
d..steffes,jeff.dasovich
d..steffes,jeff.dasovich
d..steffes,jeff.dasovich
d..steffes,jeff.dasovich
d..steffes,jeff.dasovich
d..steffes,jeff.dasovich
d..steffes,jeff.dasovich
d..steffes,jeff.dasovich
barry.tycholiz,jeff.dasovich
d..steffes,jeff.dasovich
d..steffes,jeff.dasovich
d..steffes,jeff.dasovich
barry.tycholiz,jeff.dasovich
d..steffes,jeff.dasovich
d..steffes,jeff.dasovich
richard.shapiro,jeff.dasovich
d..steffes,jeff.dasovich
barry.tycholiz,jeff.dasovich
barry.tycholiz,jeff.dasovich
d..steffes,jeff.dasovich
richard.shapiro,jeff.dasovich
d..steffes,jeff.dasovich
barry.tycholiz,jeff.dasovich
barry.tycholiz,jeff.dasovich
richard.shapiro,jeff.dasovich
j..kean,jeff.dasovich
d..steffes,jeff.dasovich
d..steffes,jeff.dasovich
richard.shapiro,jeff.dasovich
d..steffes,jeff.dasovich
richard.shapiro,jeff.dasovich
d..steffes,jeff.dasovich
d..steffes,jeff.dasovich
b..sanders,jeff.dasovich
richard.shapiro,jeff.dasovich
d..steffes,jeff.dasovich
d..steffes,jeff.dasovich
d..steffes,jeff.dasovich
d..steffes,jeff.dasovich
barry.tycholiz,jeff.dasovich
barry.tycholiz,jeff.dasovich
bill.williams,craig.dean
bill.williams,craig.dean
bill.williams,craig.dean
bill.williams,craig.dean
bill.williams,craig.dean
bill.williams,craig.dean
ryan.slinger,craig.dean
bill.williams,craig.dean
cara.semperger,craig.dean
lisa.gang,craig.dean
cara.semperger,craig.dean
ryan.slinger,craig.dean
bill.williams,craig.dean
bill.williams,craig.dean
ryan.slinger,craig.dean
bill.williams,craig.dean
cara.semperger,craig.dean
bill.williams,craig.dean
bill.williams,craig.dean
geir.solberg,craig.dean
bill.williams,craig.dean
bill.williams,craig.dean
lisa.gang,craig.dean
cara.semperger,craig.dean
lisa.gang,craig.dean
bill.williams,craig.dean
bill.williams,craig.dean
bill.williams,craig.dean
bill.williams,craig.dean
lisa.gang,craig.dean
bill.williams,craig.dean
ryan.slinger,craig.dean
ryan.slinger,craig.dean
cara.semperger,craig.dean
doug.gilbert-smith,craig.dean
doug.gilbert-smith,craig.dean
cara.semperger,craig.dean
bill.williams,craig.dean
cara.semperger,craig.dean
cara.semperger,craig.dean
benjamin.rogers,w..delainey
j..kean,james.derrick
j..kean,james.derrick
michelle.cash,james.derrick
kimberly.watson,lindy.donoho
michelle.lokay,lindy.donoho
paul.y'barbo,lindy.donoho
rod.hayslett,lindy.donoho
rod.hayslett,lindy.donoho
michelle.lokay,lindy.donoho
rod.hayslett,lindy.donoho
tracy.geaccone,lindy.donoho
kimberly.watson,lindy.donoho
michelle.lokay,lindy.donoho
bill.rapp,lindy.donoho
bill.rapp,lindy.donoho
bill.rapp,lindy.donoho
bill.rapp,lindy.donoho
bill.rapp,lindy.donoho
bill.rapp,lindy.donoho
bill.rapp,lindy.donoho
kimberly.watson,lindy.donoho
kimberly.watson,lindy.donoho
paul.y'barbo,lindy.donoho
kimberly.watson,lindy.donoho
jeff.dasovich,lindy.donoho
michelle.lokay,lindy.donoho
michelle.lokay,lindy.donoho
shelley.corman,lindy.donoho
kimberly.watson,lindy.donoho
paul.y'barbo,lindy.donoho
kimberly.watson,lindy.donoho
lynn.blair,lindy.donoho
stanley.horton,lindy.donoho
michelle.lokay,lindy.donoho
mark.mcconnell,lindy.donoho
mark.mcconnell,lindy.donoho
michelle.lokay,lindy.donoho
mark.mcconnell,lindy.donoho
teb.lokey,lindy.donoho
paul.y'barbo,lindy.donoho
michelle.lokay,lindy.donoho
michelle.lokay,lindy.donoho
kimberly.watson,lindy.donoho
rod.hayslett,lindy.donoho
michelle.lokay,lindy.donoho
tracy.geaccone,lindy.donoho
rod.hayslett,lindy.donoho
teb.lokey,lindy.donoho
bill.rapp,lindy.donoho
rod.hayslett,lindy.donoho
rod.hayslett,lindy.donoho
teb.lokey,lindy.donoho
lynn.blair,lindy.donoho
tracy.geaccone,lindy.donoho
rod.hayslett,lindy.donoho
rod.hayslett,lindy.donoho
rod.hayslett,lindy.donoho
tracy.geaccone,lindy.donoho
tracy.geaccone,lindy.donoho
tracy.geaccone,lindy.donoho
tracy.geaccone,lindy.donoho
tracy.geaccone,lindy.donoho
michelle.lokay,lindy.donoho
kimberly.watson,lindy.donoho
darrell.schoolcraft,lindy.donoho
mark.mcconnell,lindy.donoho
kimberly.watson,lindy.donoho
kevin.hyatt,lindy.donoho
michelle.lokay,lindy.donoho
kevin.hyatt,lindy.donoho
tracy.geaccone,lindy.donoho
bill.rapp,lindy.donoho
teb.lokey,lindy.donoho
kimberly.watson,lindy.donoho
mark.mcconnell,lindy.donoho
kevin.hyatt,lindy.donoho
michelle.lokay,lindy.donoho
paul.y'barbo,lindy.donoho
michelle.lokay,lindy.donoho
michelle.lokay,lindy.donoho
kimberly.watson,lindy.donoho
kimberly.watson,lindy.donoho
michelle.lokay,lindy.donoho
kimberly.watson,lindy.donoho
kimberly.watson,lindy.donoho
bill.rapp,lindy.donoho
kevin.hyatt,lindy.donoho
sally.beck,tom.donohoe
chris.germany,tom.donohoe
john.zufferli,chris.dorland
john.zufferli,chris.dorland
john.zufferli,chris.dorland
john.zufferli,chris.dorland
mike.grigsby,frank.ermis
kam.keiser,frank.ermis
martin.cuilla,frank.ermis
kam.keiser,frank.ermis
mike.grigsby,frank.ermis
matthew.lenhart,frank.ermis
jay.reitmeyer,frank.ermis
jay.reitmeyer,frank.ermis
jason.wolfe,frank.ermis
jay.reitmeyer,frank.ermis
mike.grigsby,frank.ermis
kam.keiser,frank.ermis
kam.keiser,frank.ermis
jay.reitmeyer,frank.ermis
kam.keiser,frank.ermis
kam.keiser,frank.ermis
mike.grigsby,frank.ermis
mike.grigsby,frank.ermis
mike.grigsby,frank.ermis
mike.grigsby,frank.ermis
mike.grigsby,frank.ermis
kam.keiser,frank.ermis
kam.keiser,frank.ermis
kam.keiser,frank.ermis
l..gay,frank.ermis
mark.whitt,frank.ermis
mike.grigsby,frank.ermis
mark.whitt,frank.ermis
eric.bass,j..farmer
doug.gilbert-smith,m..forney
m..presto,m..forney
doug.gilbert-smith,m..forney
doug.gilbert-smith,m..forney
doug.gilbert-smith,m..forney
doug.gilbert-smith,m..forney
don.baughman,m..forney
doug.gilbert-smith,m..forney
doug.gilbert-smith,m..forney
mike.grigsby,l..gay
mike.grigsby,l..gay
matthew.lenhart,l..gay
mike.grigsby,l..gay
mike.grigsby,l..gay
mike.grigsby,l..gay
mike.grigsby,l..gay
mike.grigsby,l..gay
kam.keiser,l..gay
mike.grigsby,l..gay
paul.y'barbo,l..gay
mike.grigsby,l..gay
kam.keiser,l..gay
rod.hayslett,tracy.geaccone
rod.hayslett,tracy.geaccone
rod.hayslett,tracy.geaccone
rod.hayslett,tracy.geaccone
rod.hayslett,tracy.geaccone
rod.hayslett,tracy.geaccone
rod.hayslett,tracy.geaccone
rod.hayslett,tracy.geaccone
rod.hayslett,tracy.geaccone
rod.hayslett,tracy.geaccone
rod.hayslett,tracy.geaccone
rod.hayslett,tracy.geaccone
rod.hayslett,tracy.geaccone
kimberly.watson,tracy.geaccone
rod.hayslett,tracy.geaccone
rod.hayslett,tracy.geaccone
teb.lokey,tracy.geaccone
rod.hayslett,tracy.geaccone
rod.hayslett,tracy.geaccone
rod.hayslett,tracy.geaccone
rod.hayslett,tracy.geaccone
rod.hayslett,tracy.geaccone
rod.hayslett,tracy.geaccone
rod.hayslett,tracy.geaccone
rod.hayslett,tracy.geaccone
rod.hayslett,tracy.geaccone
rod.hayslett,tracy.geaccone
rod.hayslett,tracy.geaccone
rod.hayslett,tracy.geaccone
rod.hayslett,tracy.geaccone
rod.hayslett,tracy.geaccone
rod.hayslett,tracy.geaccone
rod.hayslett,tracy.geaccone
rod.hayslett,tracy.geaccone
rod.hayslett,tracy.geaccone
lindy.donoho,tracy.geaccone
lindy.donoho,tracy.geaccone
lindy.donoho,tracy.geaccone
rod.hayslett,tracy.geaccone
rod.hayslett,tracy.geaccone
rod.hayslett,tracy.geaccone
rod.hayslett,tracy.geaccone
rod.hayslett,tracy.geaccone
rod.hayslett,tracy.geaccone
rod.hayslett,tracy.geaccone
rod.hayslett,tracy.geaccone
rod.hayslett,tracy.geaccone
rod.hayslett,tracy.geaccone
rod.hayslett,tracy.geaccone
rod.hayslett,tracy.geaccone
rod.hayslett,tracy.geaccone
lindy.donoho,tracy.geaccone
rod.hayslett,tracy.geaccone
lindy.donoho,tracy.geaccone
rod.hayslett,tracy.geaccone
rod.hayslett,tracy.geaccone
rod.hayslett,tracy.geaccone
rod.hayslett,tracy.geaccone
kevin.hyatt,tracy.geaccone
rod.hayslett,tracy.geaccone
rod.hayslett,tracy.geaccone
rod.hayslett,tracy.geaccone
rod.hayslett,tracy.geaccone
rod.hayslett,tracy.geaccone
rod.hayslett,tracy.geaccone
rod.hayslett,tracy.geaccone
rod.hayslett,tracy.geaccone
lindy.donoho,tracy.geaccone
rod.hayslett,tracy.geaccone
rod.hayslett,tracy.geaccone
rod.hayslett,tracy.geaccone
rod.hayslett,tracy.geaccone
rod.hayslett,tracy.geaccone
rod.hayslett,tracy.geaccone
rod.hayslett,tracy.geaccone
rod.hayslett,tracy.geaccone
rod.hayslett,tracy.geaccone
rod.hayslett,tracy.geaccone
rod.hayslett,tracy.geaccone
rod.hayslett,tracy.geaccone
rod.hayslett,tracy.geaccone
rod.hayslett,tracy.geaccone
rod.hayslett,tracy.geaccone
rod.hayslett,tracy.geaccone
rod.hayslett,tracy.geaccone
rod.hayslett,tracy.geaccone
rod.hayslett,tracy.geaccone
rod.hayslett,tracy.geaccone
rod.hayslett,tracy.geaccone
rod.hayslett,tracy.geaccone
rod.hayslett,tracy.geaccone
rod.hayslett,tracy.geaccone
rod.hayslett,tracy.geaccone
rod.hayslett,tracy.geaccone
lindy.donoho,tracy.geaccone
rod.hayslett,tracy.geaccone
rod.hayslett,tracy.geaccone
rod.hayslett,tracy.geaccone
kevin.hyatt,tracy.geaccone
rod.hayslett,tracy.geaccone
michelle.lokay,tracy.geaccone
stanley.horton,tracy.geaccone
rod.hayslett,tracy.geaccone
rod.hayslett,tracy.geaccone
rod.hayslett,tracy.geaccone
judy.townsend,chris.germany
scott.hendrickson,chris.germany
stephanie.panus,chris.germany
kam.keiser,chris.germany
kam.keiser,chris.germany
john.hodge,chris.germany
scott.hendrickson,chris.germany
judy.townsend,chris.germany
susan.bailey,chris.germany
m..presto,doug.gilbert-smith
d..steffes,doug.gilbert-smith
d..steffes,doug.gilbert-smith
j..sturm,doug.gilbert-smith
m..forney,doug.gilbert-smith
m..forney,doug.gilbert-smith
stephanie.panus,doug.gilbert-smith
d..steffes,doug.gilbert-smith
jeff.king,doug.gilbert-smith
d..steffes,doug.gilbert-smith
louise.kitchen,doug.gilbert-smith
stephanie.panus,doug.gilbert-smith
stephanie.panus,doug.gilbert-smith
m..presto,doug.gilbert-smith
d..steffes,doug.gilbert-smith
d..steffes,doug.gilbert-smith
m..presto,doug.gilbert-smith
d..steffes,doug.gilbert-smith
d..steffes,doug.gilbert-smith
m..presto,doug.gilbert-smith
m..presto,doug.gilbert-smith
d..steffes,doug.gilbert-smith
louise.kitchen,doug.gilbert-smith
d..steffes,doug.gilbert-smith
m..presto,doug.gilbert-smith
stephanie.panus,doug.gilbert-smith
d..steffes,doug.gilbert-smith
kam.keiser,c..giron
m..love,c..giron
kam.keiser,c..giron
kam.keiser,c..giron
m..love,c..giron
m..love,c..giron
kam.keiser,c..giron
m..love,c..giron
kam.keiser,c..giron
kam.keiser,c..giron
m..love,c..giron
kam.keiser,c..giron
kam.keiser,c..giron
m..love,c..giron
kam.keiser,c..giron
kam.keiser,c..giron
kam.keiser,c..giron
m..love,c..giron
m..love,c..giron
m..love,c..giron
m..love,c..giron
m..love,c..giron
m..love,c..giron
m..love,c..giron
s..shively,c..giron
s..shively,c..giron
m..love,c..giron
m..love,c..giron
m..love,c..giron
m..love,c..giron
m..love,c..giron
m..love,c..giron
m..love,c..giron
m..love,c..giron
m..love,c..giron
kam.keiser,c..giron
m..love,c..giron
kam.keiser,c..giron
m..love,c..giron
kam.keiser,c..giron
m..love,c..giron
m..love,c..giron
m..love,c..giron
kam.keiser,c..giron
m..love,c..giron
s..shively,c..giron
m..love,c..giron
m..love,c..giron
m..love,c..giron
m..love,c..giron
kam.keiser,mike.grigsby
matthew.lenhart,mike.grigsby
louise.kitchen,mike.grigsby
louise.kitchen,mike.grigsby
mark.whitt,mike.grigsby
mark.whitt,mike.grigsby
chris.dorland,mike.grigsby
jay.reitmeyer,mike.grigsby
james.derrick,e..haedicke
legal <.taylor@,e..haedicke
a..shankman,e..haedicke
b..sanders,e..haedicke
james.derrick,e..haedicke
kenneth.lay,e..haedicke
j..kean,e..haedicke
j..kean,e..haedicke
michelle.cash,e..haedicke
b..sanders,e..haedicke
legal <.taylor@,e..haedicke
b..sanders,e..haedicke
b..sanders,e..haedicke
james.derrick,e..haedicke
james.derrick,e..haedicke
james.derrick,e..haedicke
rick.buy,e..haedicke
michelle.cash,e..haedicke
rick.buy,e..haedicke
michelle.cash,e..haedicke
michelle.cash,e..haedicke
gerald.nemec,e..haedicke
legal <.taylor@,e..haedicke
b..sanders,e..haedicke
a..shankman,e..haedicke
b..sanders,e..haedicke
louise.kitchen,e..haedicke
tracy.geaccone,rod.hayslett
danny.mccarty,rod.hayslett
michelle.lokay,rod.hayslett
tracy.geaccone,rod.hayslett
lindy.donoho,rod.hayslett
tracy.geaccone,rod.hayslett
kevin.hyatt,rod.hayslett
michelle.lokay,rod.hayslett
tracy.geaccone,rod.hayslett
tracy.geaccone,rod.hayslett
tracy.geaccone,rod.hayslett
tracy.geaccone,rod.hayslett
danny.mccarty,rod.hayslett
tracy.geaccone,rod.hayslett
tracy.geaccone,rod.hayslett
tracy.geaccone,rod.hayslett
tracy.geaccone,rod.hayslett
tracy.geaccone,rod.hayslett
mark.mcconnell,rod.hayslett
tracy.geaccone,rod.hayslett
tracy.geaccone,rod.hayslett
stanley.horton,rod.hayslett
sara.shackleton,marie.heard
sara.shackleton,marie.heard
sara.shackleton,marie.heard
sara.shackleton,marie.heard
tana.jones,marie.heard
sara.shackleton,marie.heard
tana.jones,marie.heard
tana.jones,marie.heard
tana.jones,marie.heard
sara.shackleton,marie.heard
legal <.taylor@,marie.heard
sara.shackleton,marie.heard
sara.shackleton,marie.heard
sara.shackleton,marie.heard
sara.shackleton,marie.heard
sara.shackleton,marie.heard
sara.shackleton,marie.heard
tana.jones,marie.heard
sara.shackleton,marie.heard
elizabeth.sager,marie.heard
sara.shackleton,marie.heard
susan.bailey,marie.heard
susan.bailey,marie.heard
sara.shackleton,marie.heard
stephanie.panus,marie.heard
sara.shackleton,marie.heard
susan.bailey,marie.heard
sara.shackleton,marie.heard
stephanie.panus,marie.heard
tana.jones,marie.heard
stephanie.panus,marie.heard
stephanie.panus,marie.heard
sara.shackleton,marie.heard
sara.shackleton,marie.heard
sara.shackleton,marie.heard
tana.jones,marie.heard
sara.shackleton,marie.heard
sara.shackleton,marie.heard
sara.shackleton,marie.heard
sara.shackleton,marie.heard
tana.jones,marie.heard
tana.jones,marie.heard
tana.jones,marie.heard
tana.jones,marie.heard
tana.jones,marie.heard
elizabeth.sager,marie.heard
elizabeth.sager,marie.heard
chris.germany,scott.hendrickson
chris.germany,scott.hendrickson
brad.mckay,scott.hendrickson
don.baughman,juan.hernandez
don.baughman,juan.hernandez
sally.beck,juan.hernandez
don.baughman,juan.hernandez
susan.scott,juan.hernandez
susan.scott,juan.hernandez
susan.scott,juan.hernandez
susan.scott,juan.hernandez
susan.scott,juan.hernandez
susan.scott,juan.hernandez
susan.scott,juan.hernandez
susan.scott,juan.hernandez
susan.scott,juan.hernandez
don.baughman,juan.hernandez
susan.scott,juan.hernandez
don.baughman,juan.hernandez
don.baughman,juan.hernandez
don.baughman,juan.hernandez
don.baughman,juan.hernandez
susan.scott,juan.hernandez
don.baughman,juan.hernandez
don.baughman,juan.hernandez
susan.scott,juan.hernandez
susan.scott,juan.hernandez
susan.scott,juan.hernandez
susan.scott,juan.hernandez
susan.scott,juan.hernandez
don.baughman,juan.hernandez
don.baughman,juan.hernandez
don.baughman,juan.hernandez
don.baughman,juan.hernandez
don.baughman,juan.hernandez
don.baughman,juan.hernandez
don.baughman,juan.hernandez
don.baughman,juan.hernandez
joe.stepenovitch,juan.hernandez
joe.stepenovitch,juan.hernandez
don.baughman,juan.hernandez
joe.stepenovitch,juan.hernandez
joe.stepenovitch,juan.hernandez
don.baughman,juan.hernandez
don.baughman,juan.hernandez
don.baughman,juan.hernandez
chris.germany,john.hodge
chris.germany,john.hodge
gerald.nemec,john.hodge
mike.grigsby,john.hodge
debra.perlingiere,john.hodge
marie.heard,john.hodge
tana.jones,john.hodge
chris.germany,john.hodge
chris.germany,john.hodge
kam.keiser,john.hodge
chris.germany,john.hodge
chris.germany,john.hodge
kay.mann,john.hodge
jim.schwieger,john.hodge
gerald.nemec,john.hodge
j..farmer,john.hodge
chris.germany,john.hodge
legal <.taylor@,john.hodge
sara.shackleton,john.hodge
s..shively,john.hodge
s..shively,john.hodge
gerald.nemec,john.hodge
scott.neal,john.hodge
scott.neal,john.hodge
gerald.nemec,john.hodge
gerald.nemec,john.hodge
gerald.nemec,john.hodge
marie.heard,john.hodge
marie.heard,john.hodge
marie.heard,john.hodge
stephanie.panus,john.hodge
kay.mann,john.hodge
kay.mann,john.hodge
stephanie.panus,john.hodge
chris.germany,john.hodge
chris.germany,john.hodge
kam.keiser,john.hodge
chris.germany,john.hodge
chris.germany,john.hodge
chris.germany,john.hodge
m..love,john.hodge
m..love,john.hodge
m..love,john.hodge
scott.neal,john.hodge
chris.germany,john.hodge
scott.neal,john.hodge
chris.germany,john.hodge
chris.germany,john.hodge
mike.grigsby,keith.holst
mike.grigsby,keith.holst
k..allen,keith.holst
mike.grigsby,keith.holst
mike.grigsby,keith.holst
kam.keiser,keith.holst
mike.swerzbin,keith.holst
mike.grigsby,keith.holst
mike.grigsby,keith.holst
mike.grigsby,keith.holst
mike.grigsby,keith.holst
mike.grigsby,keith.holst
mike.grigsby,keith.holst
mike.grigsby,keith.holst
rod.hayslett,stanley.horton
lynn.blair,stanley.horton
rod.hayslett,stanley.horton
shelley.corman,kevin.hyatt
stephanie.panus,tana.jones
marie.heard,tana.jones
marie.heard,tana.jones
marie.heard,tana.jones
susan.bailey,tana.jones
marie.heard,tana.jones
marie.heard,tana.jones
legal <.taylor@,tana.jones
marie.heard,tana.jones
marie.heard,tana.jones
stephanie.panus,tana.jones
legal <.taylor@,tana.jones
legal <.taylor@,tana.jones
marie.heard,tana.jones
legal <.taylor@,tana.jones
susan.bailey,tana.jones
stephanie.panus,tana.jones
susan.bailey,tana.jones
stephanie.panus,tana.jones
susan.bailey,tana.jones
stephanie.panus,tana.jones
stephanie.panus,tana.jones
stephanie.panus,tana.jones
stephanie.panus,tana.jones
legal <.taylor@,tana.jones
stephanie.panus,tana.jones
susan.bailey,tana.jones
susan.bailey,tana.jones
susan.bailey,tana.jones
legal <.taylor@,tana.jones
susan.bailey,tana.jones
legal <.taylor@,tana.jones
marie.heard,tana.jones
stephanie.panus,tana.jones
stephanie.panus,tana.jones
stephanie.panus,tana.jones
stephanie.panus,tana.jones
susan.bailey,tana.jones
stephanie.panus,tana.jones
stephanie.panus,tana.jones
stephanie.panus,tana.jones
marie.heard,tana.jones
marie.heard,tana.jones
marie.heard,tana.jones
marie.heard,tana.jones
stephanie.panus,tana.jones
marie.heard,tana.jones
stephanie.panus,tana.jones
legal <.taylor@,tana.jones
marie.heard,tana.jones
susan.bailey,tana.jones
marie.heard,tana.jones
marie.heard,tana.jones
legal <.taylor@,tana.jones
legal <.taylor@,tana.jones
marie.heard,tana.jones
marie.heard,tana.jones
sara.shackleton,tana.jones
marie.heard,tana.jones
legal <.taylor@,tana.jones
marie.heard,tana.jones
sara.shackleton,tana.jones
marie.heard,tana.jones
legal <.taylor@,tana.jones
stephanie.panus,tana.jones
susan.bailey,tana.jones
marie.heard,tana.jones
marie.heard,tana.jones
stephanie.panus,tana.jones
marie.heard,tana.jones
sara.shackleton,tana.jones
sara.shackleton,tana.jones
sara.shackleton,tana.jones
marie.heard,tana.jones
sara.shackleton,tana.jones
sara.shackleton,tana.jones
sara.shackleton,tana.jones
sara.shackleton,tana.jones
marie.heard,tana.jones
marie.heard,tana.jones
sara.shackleton,tana.jones
stephanie.panus,tana.jones
sara.shackleton,tana.jones
marie.heard,tana.jones
susan.bailey,tana.jones
legal <.taylor@,tana.jones
sara.shackleton,tana.jones
legal <.taylor@,tana.jones
marie.heard,tana.jones
marie.heard,tana.jones
e..haedicke,tana.jones
marie.heard,tana.jones
stephanie.panus,tana.jones
stephanie.panus,tana.jones
sara.shackleton,tana.jones
susan.bailey,tana.jones
susan.bailey,tana.jones
d..steffes,j.kaminski
richard.shapiro,j..kean
jeff.dasovich,j..kean
jeff.dasovich,j..kean
kenneth.lay,j..kean
jeff.dasovich,j..kean
scott.neal,peter.keavey
scott.neal,peter.keavey
brad.mckay,peter.keavey
john.griffith,peter.keavey
brad.mckay,peter.keavey
brad.mckay,peter.keavey
brad.mckay,peter.keavey
monique.sanchez,peter.keavey
sally.beck,peter.keavey
john.arnold,peter.keavey
chris.germany,peter.keavey
matthew.lenhart,kam.keiser
m..love,kam.keiser
m..love,kam.keiser
m..love,kam.keiser
errol.mclaughlin,kam.keiser
m..love,kam.keiser
m..love,kam.keiser
m..love,kam.keiser
m..love,kam.keiser
m..love,kam.keiser
m..love,kam.keiser
m..love,kam.keiser
w..white,kam.keiser
w..white,kam.keiser
m..love,kam.keiser
mike.grigsby,kam.keiser
m..love,kam.keiser
m..love,kam.keiser
m..love,kam.keiser
m..love,kam.keiser
m..love,kam.keiser
errol.mclaughlin,kam.keiser
m..love,kam.keiser
k..allen,kam.keiser
keith.holst,kam.keiser
mike.grigsby,kam.keiser
sally.beck,kam.keiser
doug.gilbert-smith,jeff.king
sally.beck,louise.kitchen
sally.beck,louise.kitchen
m..presto,louise.kitchen
sally.beck,louise.kitchen
m..presto,louise.kitchen
mike.grigsby,tori.kuykendall
mike.grigsby,tori.kuykendall
mike.grigsby,tori.kuykendall
mike.grigsby,tori.kuykendall
kam.keiser,tori.kuykendall
kam.keiser,tori.kuykendall
richard.shapiro,lavorato
louise.kitchen,lavorato
richard.shapiro,lavorato
louise.kitchen,lavorato
louise.kitchen,lavorato
louise.kitchen,lavorato
w..delainey,lavorato
louise.kitchen,lavorato
louise.kitchen,lavorato
louise.kitchen,lavorato
louise.kitchen,lavorato
b..sanders,lavorato
mike.grigsby,lavorato
louise.kitchen,lavorato
john.arnold,lavorato
louise.kitchen,lavorato
a..shankman,lavorato
sally.beck,lavorato
w..white,lavorato
s..shively,lavorato
robert.badeer,lavorato
s..shively,lavorato
m..presto,lavorato
jonathan.mckay,lavorato
john.arnold,lavorato
a..shankman,lavorato
louise.kitchen,lavorato
m..presto,lavorato
louise.kitchen,lavorato
j.kaminski,lavorato
j.kaminski,lavorato
a..martin,lavorato
a..martin,lavorato
louise.kitchen,lavorato
s..shively,lavorato
louise.kitchen,lavorato
louise.kitchen,lavorato
f..brawner,lavorato
k..allen,lavorato
louise.kitchen,lavorato
mike.grigsby,lavorato
john.arnold,lavorato
john.arnold,lavorato
louise.kitchen,lavorato
k..allen,lavorato
keith.holst,lavorato
f..brawner,lavorato
scott.neal,lavorato
m..presto,lavorato
louise.kitchen,lavorato
james.derrick,kenneth.lay
stanley.horton,kenneth.lay
j..kean,kenneth.lay
tom.donohoe,kenneth.lay
w..pereira,kenneth.lay
j..kean,kenneth.lay
j..kean,kenneth.lay
richard.shapiro,kenneth.lay
j..kean,kenneth.lay
j..kean,kenneth.lay
richard.shapiro,kenneth.lay
rick.buy,kenneth.lay
a..shankman,kenneth.lay
kevin.hyatt,kenneth.lay
j..kean,kenneth.lay
jim.schwieger,kenneth.lay
james.derrick,kenneth.lay
j..kean,kenneth.lay
stanley.horton,kenneth.lay
sally.beck,kenneth.lay
sally.beck,kenneth.lay
richard.shapiro,kenneth.lay
benjamin.rogers,kenneth.lay
richard.shapiro,kenneth.lay
j..kean,kenneth.lay
j..kean,kenneth.lay
j..kean,kenneth.lay
j..kean,kenneth.lay
stanley.horton,kenneth.lay
stanley.horton,kenneth.lay
danny.mccarty,kenneth.lay
stanley.horton,kenneth.lay
w..delainey,kenneth.lay
mike.grigsby,matthew.lenhart
mike.grigsby,matthew.lenhart
monique.sanchez,h..lewis
k..allen,h..lewis
scott.neal,h..lewis
scott.neal,h..lewis
martin.cuilla,h..lewis
kimberly.watson,michelle.lokay
kimberly.watson,michelle.lokay
kimberly.watson,michelle.lokay
darrell.schoolcraft,michelle.lokay
kimberly.watson,michelle.lokay
bill.rapp,michelle.lokay
kevin.hyatt,michelle.lokay
kimberly.watson,michelle.lokay
kimberly.watson,michelle.lokay
lynn.blair,michelle.lokay
kimberly.watson,michelle.lokay
kevin.hyatt,teb.lokey
shelley.corman,teb.lokey
kevin.hyatt,teb.lokey
michelle.lokay,teb.lokey
shelley.corman,teb.lokey
kimberly.watson,teb.lokey
kevin.hyatt,teb.lokey
shelley.corman,teb.lokey
shelley.corman,teb.lokey
lindy.donoho,teb.lokey
kevin.hyatt,teb.lokey
lindy.donoho,teb.lokey
kevin.hyatt,teb.lokey
kimberly.watson,teb.lokey
tracy.geaccone,teb.lokey
kimberly.watson,teb.lokey
shelley.corman,teb.lokey
kevin.hyatt,teb.lokey
kevin.hyatt,teb.lokey
shelley.corman,teb.lokey
shelley.corman,teb.lokey
kevin.hyatt,teb.lokey
shelley.corman,teb.lokey
bill.rapp,teb.lokey
darrell.schoolcraft,teb.lokey
kimberly.watson,teb.lokey
michelle.lokay,teb.lokey
bill.rapp,teb.lokey
bill.rapp,teb.lokey
bill.rapp,teb.lokey
shelley.corman,teb.lokey
bill.rapp,teb.lokey
tracy.geaccone,teb.lokey
lindy.donoho,teb.lokey
mark.mcconnell,teb.lokey
lindy.donoho,teb.lokey
mark.mcconnell,teb.lokey
bill.rapp,teb.lokey
jeff.dasovich,teb.lokey
rod.hayslett,teb.lokey
kevin.hyatt,teb.lokey
rod.hayslett,teb.lokey
bill.rapp,teb.lokey
tracy.geaccone,teb.lokey
kam.keiser,m..love
kam.keiser,m..love
kam.keiser,m..love
eric.bass,m..love
kam.keiser,m..love
kam.keiser,m..love
kam.keiser,m..love
kam.keiser,m..love
kam.keiser,m..love
c..giron,m..love
c..giron,m..love
kam.keiser,m..love
kam.keiser,m..love
c..giron,m..love
c..giron,m..love
mark.whitt,t..lucci
mark.whitt,t..lucci
gerald.nemec,t..lucci
mark.whitt,t..lucci
mark.whitt,t..lucci
mark.whitt,t..lucci
mark.whitt,t..lucci
mark.whitt,t..lucci
mark.whitt,t..lucci
mark.whitt,t..lucci
mark.whitt,t..lucci
errol.mclaughlin,mike.maggi
john.griffith,mike.maggi
dutch.quigley,mike.maggi
dutch.quigley,mike.maggi
john.griffith,mike.maggi
errol.mclaughlin,mike.maggi
errol.mclaughlin,mike.maggi
errol.mclaughlin,mike.maggi
john.griffith,mike.maggi
john.arnold,mike.maggi
john.arnold,mike.maggi
john.griffith,mike.maggi
larry.may,mike.maggi
errol.mclaughlin,mike.maggi
j..farmer,a..martin
louise.kitchen,a..martin
louise.kitchen,a..martin
louise.kitchen,a..martin
barry.tycholiz,a..martin
joe.parks,a..martin
louise.kitchen,a..martin
louise.kitchen,a..martin
louise.kitchen,a..martin
louise.kitchen,a..martin
jim.schwieger,a..martin
louise.kitchen,a..martin
j..farmer,a..martin
doug.gilbert-smith,a..martin
s..shively,a..martin
eric.bass,a..martin
andy.zipper,a..martin
andy.zipper,a..martin
joe.parks,a..martin
jim.schwieger,a..martin
k..allen,a..martin
jim.schwieger,a..martin
charles.weldon,a..martin
f..brawner,a..martin
jim.schwieger,a..martin
jim.schwieger,a..martin
s..shively,a..martin
sally.beck,a..martin
louise.kitchen,a..martin
louise.kitchen,a..martin
charles.weldon,a..martin
s..shively,a..martin
f..brawner,a..martin
k..allen,a..martin
scott.neal,a..martin
mike.grigsby,a..martin
j..sturm,a..martin
andy.zipper,larry.may
john.griffith,larry.may
andy.zipper,larry.may
andy.zipper,larry.may
john.griffith,larry.may
errol.mclaughlin,larry.may
errol.mclaughlin,larry.may
errol.mclaughlin,larry.may
errol.mclaughlin,larry.may
john.griffith,larry.may
brad.mckay,larry.may
errol.mclaughlin,larry.may
john.griffith,larry.may
andy.zipper,larry.may
andy.zipper,larry.may
john.griffith,larry.may
mike.maggi,larry.may
jim.schwieger,larry.may
john.griffith,larry.may
john.griffith,larry.may
john.griffith,larry.may
errol.mclaughlin,larry.may
john.griffith,larry.may
errol.mclaughlin,larry.may
errol.mclaughlin,larry.may
errol.mclaughlin,larry.may
errol.mclaughlin,larry.may
errol.mclaughlin,larry.may
john.griffith,larry.may
errol.mclaughlin,larry.may
errol.mclaughlin,larry.may
errol.mclaughlin,larry.may
andy.zipper,larry.may
errol.mclaughlin,larry.may
errol.mclaughlin,larry.may
john.griffith,larry.may
john.griffith,larry.may
john.arnold,larry.may
scott.hendrickson,larry.may
john.griffith,larry.may
john.griffith,larry.may
john.griffith,larry.may
john.griffith,larry.may
mike.maggi,larry.may
errol.mclaughlin,larry.may
errol.mclaughlin,larry.may
errol.mclaughlin,larry.may
errol.mclaughlin,larry.may
errol.mclaughlin,larry.may
errol.mclaughlin,larry.may
errol.mclaughlin,larry.may
john.griffith,larry.may
john.griffith,larry.may
errol.mclaughlin,larry.may
john.griffith,larry.may
errol.mclaughlin,larry.may
errol.mclaughlin,larry.may
errol.mclaughlin,larry.may
errol.mclaughlin,larry.may
john.arnold,larry.may
errol.mclaughlin,larry.may
john.arnold,larry.may
errol.mclaughlin,larry.may
errol.mclaughlin,larry.may
errol.mclaughlin,larry.may
errol.mclaughlin,larry.may
errol.mclaughlin,larry.may
monique.sanchez,larry.may
john.griffith,larry.may
errol.mclaughlin,larry.may
john.arnold,larry.may
john.griffith,larry.may
errol.mclaughlin,larry.may
john.arnold,larry.may
sally.beck,larry.may
errol.mclaughlin,larry.may
errol.mclaughlin,larry.may
errol.mclaughlin,larry.may
john.arnold,larry.may
errol.mclaughlin,larry.may
errol.mclaughlin,larry.may
errol.mclaughlin,larry.may
louise.kitchen,larry.may
errol.mclaughlin,larry.may
andy.zipper,larry.may
andy.zipper,larry.may
errol.mclaughlin,larry.may
rod.hayslett,danny.mccarty
rod.hayslett,danny.mccarty
shelley.corman,danny.mccarty
shelley.corman,danny.mccarty
rod.hayslett,danny.mccarty
lynn.blair,danny.mccarty
shelley.corman,danny.mccarty
rod.hayslett,danny.mccarty
stanley.horton,danny.mccarty
rod.hayslett,danny.mccarty
shelley.corman,danny.mccarty
stanley.horton,danny.mccarty
rod.hayslett,danny.mccarty
rod.hayslett,danny.mccarty
rod.hayslett,danny.mccarty
rod.hayslett,danny.mccarty
rod.hayslett,danny.mccarty
rod.hayslett,danny.mccarty
rod.hayslett,danny.mccarty
rod.hayslett,danny.mccarty
rod.hayslett,danny.mccarty
rod.hayslett,danny.mccarty
michelle.lokay,mark.mcconnell
kimberly.watson,mark.mcconnell
kimberly.watson,mark.mcconnell
michelle.lokay,mark.mcconnell
michelle.lokay,mark.mcconnell
kimberly.watson,mark.mcconnell
kimberly.watson,mark.mcconnell
kimberly.watson,mark.mcconnell
kimberly.watson,mark.mcconnell
darrell.schoolcraft,mark.mcconnell
michelle.lokay,mark.mcconnell
kimberly.watson,mark.mcconnell
kimberly.watson,mark.mcconnell
michelle.lokay,mark.mcconnell
kimberly.watson,mark.mcconnell
kimberly.watson,mark.mcconnell
michelle.lokay,mark.mcconnell
kimberly.watson,mark.mcconnell
john.griffith,brad.mckay
jonathan.mckay,brad.mckay
john.griffith,brad.mckay
scott.neal,brad.mckay
martin.cuilla,brad.mckay
jonathan.mckay,brad.mckay
dutch.quigley,errol.mclaughlin
kam.keiser,errol.mclaughlin
kam.keiser,errol.mclaughlin
kam.keiser,errol.mclaughlin
m..love,errol.mclaughlin
m..love,errol.mclaughlin
kam.keiser,errol.mclaughlin
m..love,errol.mclaughlin
john.arnold,errol.mclaughlin
kam.keiser,errol.mclaughlin
kam.keiser,errol.mclaughlin
kam.keiser,errol.mclaughlin
kam.keiser,errol.mclaughlin
kam.keiser,errol.mclaughlin
kam.keiser,errol.mclaughlin
m..love,errol.mclaughlin
kam.keiser,errol.mclaughlin
kam.keiser,errol.mclaughlin
m..love,errol.mclaughlin
kam.keiser,errol.mclaughlin
m..love,errol.mclaughlin
kam.keiser,errol.mclaughlin
m..love,errol.mclaughlin
kam.keiser,errol.mclaughlin
kam.keiser,errol.mclaughlin
andy.zipper,errol.mclaughlin
andy.zipper,errol.mclaughlin
andy.zipper,errol.mclaughlin
m..love,errol.mclaughlin
m..love,errol.mclaughlin
m..love,errol.mclaughlin
m..love,errol.mclaughlin
kam.keiser,errol.mclaughlin
andy.zipper,errol.mclaughlin
m..love,errol.mclaughlin
kam.keiser,errol.mclaughlin
kam.keiser,errol.mclaughlin
cara.semperger,albert.meyers
bill.williams,albert.meyers
debra.perlingiere,l..mims
debra.perlingiere,l..mims
debra.perlingiere,l..mims
debra.perlingiere,l..mims
debra.perlingiere,l..mims
debra.perlingiere,l..mims
debra.perlingiere,l..mims
debra.perlingiere,l..mims
debra.perlingiere,l..mims
debra.perlingiere,l..mims
debra.perlingiere,l..mims
debra.perlingiere,l..mims
debra.perlingiere,l..mims
debra.perlingiere,l..mims
debra.perlingiere,l..mims
debra.perlingiere,l..mims
louise.kitchen,l..mims
debra.perlingiere,l..mims
stephanie.panus,l..mims
s..shively,l..mims
s..shively,l..mims
s..shively,l..mims
stephanie.panus,l..mims
monique.sanchez,matt.motley
mike.grigsby,matt.motley
monique.sanchez,matt.motley
mike.grigsby,matt.motley
monique.sanchez,matt.motley
debra.perlingiere,scott.neal
andy.zipper,scott.neal
kam.keiser,scott.neal
scott.hendrickson,scott.neal
chris.germany,scott.neal
kam.keiser,scott.neal
s..shively,scott.neal
k..allen,scott.neal
chris.germany,scott.neal
jonathan.mckay,scott.neal
monique.sanchez,scott.neal
chris.germany,scott.neal
louise.kitchen,scott.neal
louise.kitchen,scott.neal
k..allen,scott.neal
kam.keiser,scott.neal
kam.keiser,scott.neal
chris.germany,scott.neal
louise.kitchen,scott.neal
scott.hendrickson,scott.neal
chris.germany,scott.neal
scott.hendrickson,scott.neal
debra.perlingiere,gerald.nemec
debra.perlingiere,gerald.nemec
debra.perlingiere,gerald.nemec
e..haedicke,gerald.nemec
debra.perlingiere,gerald.nemec
debra.perlingiere,gerald.nemec
mark.whitt,gerald.nemec
mark.whitt,gerald.nemec
debra.perlingiere,gerald.nemec
barry.tycholiz,gerald.nemec
debra.perlingiere,gerald.nemec
debra.perlingiere,gerald.nemec
theresa.staab,gerald.nemec
mark.whitt,gerald.nemec
e..haedicke,gerald.nemec
barry.tycholiz,gerald.nemec
debra.perlingiere,gerald.nemec
debra.perlingiere,gerald.nemec
debra.perlingiere,gerald.nemec
debra.perlingiere,gerald.nemec
debra.perlingiere,gerald.nemec
e..haedicke,gerald.nemec
mark.whitt,gerald.nemec
debra.perlingiere,gerald.nemec
mark.whitt,gerald.nemec
mark.whitt,gerald.nemec
kay.mann,gerald.nemec
mark.whitt,gerald.nemec
kay.mann,gerald.nemec
stephanie.panus,gerald.nemec
paul.y'barbo,gerald.nemec
mark.whitt,gerald.nemec
debra.perlingiere,gerald.nemec
kay.mann,gerald.nemec
marie.heard,gerald.nemec
marie.heard,gerald.nemec
debra.perlingiere,gerald.nemec
marie.heard,gerald.nemec
marie.heard,gerald.nemec
marie.heard,gerald.nemec
debra.perlingiere,gerald.nemec
marie.heard,gerald.nemec
mark.whitt,gerald.nemec
marie.heard,gerald.nemec
marie.heard,gerald.nemec
marie.heard,gerald.nemec
marie.heard,gerald.nemec
marie.heard,gerald.nemec
debra.perlingiere,gerald.nemec
t..lucci,gerald.nemec
debra.perlingiere,gerald.nemec
debra.perlingiere,gerald.nemec
e..haedicke,gerald.nemec
mark.whitt,gerald.nemec
mark.whitt,gerald.nemec
debra.perlingiere,gerald.nemec
marie.heard,gerald.nemec
marie.heard,gerald.nemec
marie.heard,gerald.nemec
debra.perlingiere,gerald.nemec
louise.kitchen,gerald.nemec
debra.perlingiere,gerald.nemec
e..haedicke,gerald.nemec
theresa.staab,gerald.nemec
t..lucci,gerald.nemec
debra.perlingiere,gerald.nemec
debra.perlingiere,gerald.nemec
debra.perlingiere,gerald.nemec
mark.whitt,gerald.nemec
debra.perlingiere,gerald.nemec
debra.perlingiere,gerald.nemec
mark.whitt,gerald.nemec
debra.perlingiere,gerald.nemec
mark.whitt,gerald.nemec
debra.perlingiere,gerald.nemec
theresa.staab,gerald.nemec
mark.whitt,gerald.nemec
debra.perlingiere,gerald.nemec
debra.perlingiere,gerald.nemec
mark.whitt,gerald.nemec
debra.perlingiere,gerald.nemec
theresa.staab,gerald.nemec
mark.whitt,gerald.nemec
debra.perlingiere,gerald.nemec
t..lucci,gerald.nemec
debra.perlingiere,gerald.nemec
debra.perlingiere,gerald.nemec
barry.tycholiz,gerald.nemec
barry.tycholiz,gerald.nemec
barry.tycholiz,gerald.nemec
mark.whitt,gerald.nemec
barry.tycholiz,gerald.nemec
debra.perlingiere,gerald.nemec
barry.tycholiz,gerald.nemec
theresa.staab,gerald.nemec
debra.perlingiere,gerald.nemec
debra.perlingiere,gerald.nemec
mark.whitt,gerald.nemec
barry.tycholiz,gerald.nemec
debra.perlingiere,gerald.nemec
barry.tycholiz,gerald.nemec
marie.heard,gerald.nemec
debra.perlingiere,gerald.nemec
j..farmer,gerald.nemec
debra.perlingiere,gerald.nemec
debra.perlingiere,gerald.nemec
barry.tycholiz,gerald.nemec
barry.tycholiz,gerald.nemec
debra.perlingiere,gerald.nemec
debra.perlingiere,gerald.nemec
debra.perlingiere,gerald.nemec
t..lucci,gerald.nemec
t..lucci,gerald.nemec
debra.perlingiere,gerald.nemec
e..haedicke,gerald.nemec
tana.jones,stephanie.panus
tana.jones,stephanie.panus
tana.jones,stephanie.panus
tana.jones,stephanie.panus
kay.mann,joe.parks
kay.mann,joe.parks
kevin.ruscitti,joe.parks
gerald.nemec,joe.parks
eric.bass,joe.parks
kay.mann,joe.parks
eric.bass,joe.parks
a..martin,joe.parks
jim.schwieger,joe.parks
chris.germany,joe.parks
chris.germany,joe.parks
chris.germany,joe.parks
chris.germany,joe.parks
chris.germany,joe.parks
chris.germany,joe.parks
chris.germany,joe.parks
chris.germany,joe.parks
chris.germany,joe.parks
chris.germany,joe.parks
chris.germany,joe.parks
charles.weldon,joe.parks
eric.bass,joe.parks
gerald.nemec,debra.perlingiere
l..mims,debra.perlingiere
stephanie.panus,debra.perlingiere
l..mims,debra.perlingiere
gerald.nemec,debra.perlingiere
kay.mann,debra.perlingiere
m..presto,stephanie.panus
sara.shackleton,stephanie.panus
john.griffith,vladi.pimenov
jonathan.mckay,vladi.pimenov
andy.zipper,vladi.pimenov
m..love,vladi.pimenov
m..love,vladi.pimenov
m..love,vladi.pimenov
john.griffith,vladi.pimenov
kam.keiser,vladi.pimenov
john.griffith,vladi.pimenov
chris.germany,vladi.pimenov
john.griffith,vladi.pimenov
mike.grigsby,vladi.pimenov
john.griffith,vladi.pimenov
m..love,vladi.pimenov
cara.semperger,phillip.platter
cara.semperger,phillip.platter
diana.scholtes,phillip.platter
cara.semperger,phillip.platter
cara.semperger,phillip.platter
louise.kitchen,m..presto
john.griffith,dutch.quigley
k..allen,dutch.quigley
errol.mclaughlin,dutch.quigley
errol.mclaughlin,dutch.quigley
vladi.pimenov,dutch.quigley
john.arnold,dutch.quigley
monique.sanchez,dutch.quigley
john.griffith,dutch.quigley
errol.mclaughlin,dutch.quigley
john.griffith,dutch.quigley
john.griffith,dutch.quigley
kimberly.watson,bill.rapp
rod.hayslett,bill.rapp
kimberly.watson,bill.rapp
rod.hayslett,bill.rapp
kimberly.watson,bill.rapp
rod.hayslett,bill.rapp
lynn.blair,bill.rapp
michelle.lokay,bill.rapp
kevin.hyatt,bill.rapp
lynn.blair,bill.rapp
mark.mcconnell,bill.rapp
mark.mcconnell,bill.rapp
rod.hayslett,bill.rapp
kimberly.watson,bill.rapp
mark.mcconnell,bill.rapp
mark.mcconnell,bill.rapp
michelle.lokay,bill.rapp
kimberly.watson,bill.rapp
mark.mcconnell,bill.rapp
lindy.donoho,bill.rapp
lindy.donoho,bill.rapp
mark.mcconnell,bill.rapp
mark.mcconnell,bill.rapp
rod.hayslett,bill.rapp
rod.hayslett,bill.rapp
paul.y'barbo,bill.rapp
mark.mcconnell,bill.rapp
mike.grigsby,jay.reitmeyer
mike.grigsby,jay.reitmeyer
mike.grigsby,jay.reitmeyer
mike.grigsby,jay.reitmeyer
mike.grigsby,jay.reitmeyer
chris.dorland,jay.reitmeyer
theresa.staab,jay.reitmeyer
theresa.staab,jay.reitmeyer
mike.grigsby,jay.reitmeyer
mike.grigsby,jay.reitmeyer
theresa.staab,jay.reitmeyer
mike.grigsby,jay.reitmeyer
mike.grigsby,jay.reitmeyer
t..lucci,jay.reitmeyer
mike.grigsby,jay.reitmeyer
t..lucci,jay.reitmeyer
theresa.staab,jay.reitmeyer
theresa.staab,jay.reitmeyer
monique.sanchez,jay.reitmeyer
mike.grigsby,jay.reitmeyer
mike.grigsby,jay.reitmeyer
mark.whitt,jay.reitmeyer
mike.grigsby,jay.reitmeyer
l..gay,jay.reitmeyer
mark.whitt,jay.reitmeyer
kam.keiser,jay.reitmeyer
kam.keiser,jay.reitmeyer
tori.kuykendall,jay.reitmeyer
mike.grigsby,jay.reitmeyer
t..lucci,jay.reitmeyer
theresa.staab,jay.reitmeyer
mike.grigsby,jay.reitmeyer
mike.grigsby,jay.reitmeyer
t..lucci,jay.reitmeyer
mike.grigsby,jay.reitmeyer
kam.keiser,jay.reitmeyer
kam.keiser,jay.reitmeyer
theresa.staab,jay.reitmeyer
kam.keiser,jay.reitmeyer
theresa.staab,jay.reitmeyer
theresa.staab,jay.reitmeyer
kam.keiser,jay.reitmeyer
theresa.staab,jay.reitmeyer
theresa.staab,jay.reitmeyer
theresa.staab,jay.reitmeyer
mike.grigsby,jay.reitmeyer
kam.keiser,jay.reitmeyer
t..lucci,jay.reitmeyer
mike.grigsby,jay.reitmeyer
mike.grigsby,jay.reitmeyer
mike.grigsby,jay.reitmeyer
mike.grigsby,jay.reitmeyer
kam.keiser,jay.reitmeyer
frank.ermis,jay.reitmeyer
mark.whitt,jay.reitmeyer
t..lucci,jay.reitmeyer
mike.grigsby,jay.reitmeyer
mike.grigsby,jay.reitmeyer
mike.grigsby,jay.reitmeyer
mike.grigsby,jay.reitmeyer
t..lucci,jay.reitmeyer
mike.grigsby,jay.reitmeyer
mark.whitt,jay.reitmeyer
mike.grigsby,jay.reitmeyer
theresa.staab,jay.reitmeyer
theresa.staab,jay.reitmeyer
jason.wolfe,jay.reitmeyer
monique.sanchez,jay.reitmeyer
mike.grigsby,jay.reitmeyer
mike.grigsby,jay.reitmeyer
mike.grigsby,jay.reitmeyer
mike.grigsby,jay.reitmeyer
mike.grigsby,jay.reitmeyer
mike.grigsby,jay.reitmeyer
mike.grigsby,jay.reitmeyer
theresa.staab,jay.reitmeyer
mike.grigsby,jay.reitmeyer
mike.grigsby,jay.reitmeyer
sally.beck,jay.reitmeyer
mike.grigsby,jay.reitmeyer
chris.dorland,jay.reitmeyer
monique.sanchez,jay.reitmeyer
theresa.staab,jay.reitmeyer
theresa.staab,jay.reitmeyer
mike.grigsby,jay.reitmeyer
john.zufferli,cooper.richey
john.zufferli,cooper.richey
scott.neal,andrea.ring
scott.neal,andrea.ring
sally.beck,benjamin.rogers
d..thomas,benjamin.rogers
dana.davis,benjamin.rogers
joe.stepenovitch,benjamin.rogers
martin.cuilla,kevin.ruscitti
martin.cuilla,kevin.ruscitti
marie.heard,elizabeth.sager
louise.kitchen,elizabeth.sager
legal <.taylor@,elizabeth.sager
e..haedicke,elizabeth.sager
m..presto,elizabeth.sager
e..haedicke,elizabeth.sager
e..haedicke,elizabeth.sager
kay.mann,elizabeth.sager
marie.heard,elizabeth.sager
kay.mann,elizabeth.sager
louise.kitchen,elizabeth.sager
kay.mann,elizabeth.sager
marie.heard,elizabeth.sager
kay.mann,elizabeth.sager
sara.shackleton,elizabeth.sager
d..steffes,elizabeth.sager
w..white,elizabeth.sager
d..steffes,elizabeth.sager
m..presto,elizabeth.sager
d..steffes,elizabeth.sager
stephanie.panus,elizabeth.sager
m..presto,elizabeth.sager
d..steffes,elizabeth.sager
w..white,elizabeth.sager
legal <.taylor@,elizabeth.sager
legal <.taylor@,elizabeth.sager
legal <.taylor@,elizabeth.sager
legal <.taylor@,elizabeth.sager
m..presto,elizabeth.sager
m..presto,elizabeth.sager
m..presto,elizabeth.sager
kay.mann,elizabeth.sager
m..presto,elizabeth.sager
marie.heard,elizabeth.sager
marie.heard,elizabeth.sager
kay.mann,elizabeth.sager
marie.heard,elizabeth.sager
marie.heard,elizabeth.sager
m..forney,eric.saibi
m..forney,eric.saibi
m..forney,eric.saibi
m..forney,eric.saibi
m..forney,eric.saibi
m..forney,eric.saibi
m..forney,eric.saibi
m..forney,eric.saibi
m..forney,eric.saibi
doug.gilbert-smith,eric.saibi
doug.gilbert-smith,eric.saibi
m..forney,eric.saibi
m..forney,eric.saibi
m..forney,eric.saibi
m..forney,eric.saibi
m..forney,eric.saibi
m..forney,eric.saibi
m..forney,eric.saibi
m..forney,eric.saibi
m..forney,eric.saibi
m..forney,eric.saibi
m..forney,eric.saibi
doug.gilbert-smith,eric.saibi
sally.beck,eric.saibi
m..forney,eric.saibi
mike.carson,eric.saibi
m..forney,eric.saibi
m..forney,eric.saibi
m..forney,eric.saibi
m..forney,eric.saibi
m..forney,eric.saibi
m..forney,eric.saibi
m..forney,eric.saibi
m..forney,eric.saibi
m..forney,eric.saibi
m..forney,eric.saibi
m..forney,eric.saibi
m..forney,eric.saibi
j..sturm,eric.saibi
j..sturm,eric.saibi
cara.semperger,holden.salisbury
bill.williams,holden.salisbury
cara.semperger,holden.salisbury
bill.williams,holden.salisbury
lisa.gang,holden.salisbury
ryan.slinger,holden.salisbury
ryan.slinger,holden.salisbury
cara.semperger,holden.salisbury
bill.williams,holden.salisbury
bill.williams,holden.salisbury
cara.semperger,holden.salisbury
cara.semperger,holden.salisbury
cara.semperger,holden.salisbury
bill.williams,holden.salisbury
cara.semperger,holden.salisbury
cara.semperger,holden.salisbury
cara.semperger,holden.salisbury
bill.williams,holden.salisbury
geir.solberg,holden.salisbury
cara.semperger,holden.salisbury
cara.semperger,holden.salisbury
lisa.gang,holden.salisbury
cara.semperger,holden.salisbury
diana.scholtes,holden.salisbury
lisa.gang,holden.salisbury
cara.semperger,holden.salisbury
cara.semperger,holden.salisbury
lisa.gang,holden.salisbury
cara.semperger,holden.salisbury
lisa.gang,holden.salisbury
cara.semperger,holden.salisbury
cara.semperger,holden.salisbury
bill.williams,holden.salisbury
craig.dean,holden.salisbury
cara.semperger,holden.salisbury
cara.semperger,holden.salisbury
lisa.gang,holden.salisbury
cara.semperger,holden.salisbury
bill.williams,holden.salisbury
cara.semperger,holden.salisbury
cara.semperger,holden.salisbury
cara.semperger,holden.salisbury
bill.williams,holden.salisbury
cara.semperger,holden.salisbury
cara.semperger,holden.salisbury
cara.semperger,holden.salisbury
phillip.platter,holden.salisbury
cara.semperger,holden.salisbury
cara.semperger,holden.salisbury
cara.semperger,holden.salisbury
cara.semperger,holden.salisbury
cara.semperger,holden.salisbury
cara.semperger,holden.salisbury
cara.semperger,holden.salisbury
cara.semperger,holden.salisbury
cara.semperger,holden.salisbury
cara.semperger,holden.salisbury
cara.semperger,holden.salisbury
cara.semperger,holden.salisbury
ryan.slinger,holden.salisbury
cara.semperger,holden.salisbury
cara.semperger,holden.salisbury
lisa.gang,holden.salisbury
geir.solberg,holden.salisbury
geir.solberg,holden.salisbury
cara.semperger,holden.salisbury
bill.williams,holden.salisbury
cara.semperger,holden.salisbury
cara.semperger,holden.salisbury
diana.scholtes,holden.salisbury
bill.williams,holden.salisbury
cara.semperger,holden.salisbury
bill.williams,holden.salisbury
mike.grigsby,monique.sanchez
mike.grigsby,monique.sanchez
mike.grigsby,monique.sanchez
mike.grigsby,monique.sanchez
mike.grigsby,monique.sanchez
mike.grigsby,monique.sanchez
m..love,monique.sanchez
mike.grigsby,monique.sanchez
tori.kuykendall,monique.sanchez
mike.grigsby,monique.sanchez
mike.grigsby,monique.sanchez
jeff.dasovich,b..sanders
d..steffes,b..sanders
d..steffes,b..sanders
e..haedicke,b..sanders
jeff.dasovich,b..sanders
jeff.dasovich,b..sanders
e..haedicke,b..sanders
cara.semperger,diana.scholtes
kevin.hyatt,darrell.schoolcraft
shelley.corman,darrell.schoolcraft
kevin.hyatt,darrell.schoolcraft
teb.lokey,darrell.schoolcraft
lynn.blair,darrell.schoolcraft
lynn.blair,darrell.schoolcraft
lynn.blair,darrell.schoolcraft
lynn.blair,darrell.schoolcraft
kimberly.watson,darrell.schoolcraft
kimberly.watson,darrell.schoolcraft
mark.mcconnell,darrell.schoolcraft
michelle.lokay,darrell.schoolcraft
lynn.blair,darrell.schoolcraft
kevin.hyatt,darrell.schoolcraft
mike.grigsby,susan.scott
mike.grigsby,susan.scott
mike.grigsby,susan.scott
mike.grigsby,susan.scott
mike.grigsby,susan.scott
dutch.quigley,susan.scott
mike.grigsby,susan.scott
mike.grigsby,susan.scott
mike.grigsby,susan.scott
theresa.staab,susan.scott
dutch.quigley,susan.scott
mike.grigsby,susan.scott
theresa.staab,susan.scott
mike.grigsby,susan.scott
mike.grigsby,susan.scott
mike.grigsby,susan.scott
matthew.lenhart,susan.scott
monique.sanchez,susan.scott
theresa.staab,susan.scott
mike.grigsby,susan.scott
mike.grigsby,susan.scott
mike.grigsby,susan.scott
theresa.staab,susan.scott
tori.kuykendall,susan.scott
mike.grigsby,susan.scott
theresa.staab,susan.scott
mike.grigsby,susan.scott
mike.grigsby,susan.scott
mike.grigsby,susan.scott
mike.grigsby,susan.scott
mike.grigsby,susan.scott
mike.grigsby,susan.scott
theresa.staab,susan.scott
mike.grigsby,susan.scott
theresa.staab,susan.scott
mike.grigsby,susan.scott
mike.grigsby,susan.scott
mike.grigsby,susan.scott
keith.holst,susan.scott
joe.parks,susan.scott
mike.grigsby,susan.scott
mike.grigsby,susan.scott
monique.sanchez,susan.scott
theresa.staab,susan.scott
mike.grigsby,susan.scott
mike.grigsby,susan.scott
theresa.staab,susan.scott
theresa.staab,susan.scott
theresa.staab,susan.scott
mike.grigsby,susan.scott
mike.grigsby,susan.scott
legal <.taylor@,sara.shackleton
marie.heard,sara.shackleton
marie.heard,sara.shackleton
legal <.taylor@,sara.shackleton
marie.heard,sara.shackleton
marie.heard,sara.shackleton
susan.bailey,sara.shackleton
susan.bailey,sara.shackleton
marie.heard,sara.shackleton
marie.heard,sara.shackleton
susan.bailey,sara.shackleton
louise.kitchen,sara.shackleton
marie.heard,sara.shackleton
stephanie.panus,sara.shackleton
legal <.taylor@,sara.shackleton
stephanie.panus,sara.shackleton
marie.heard,sara.shackleton
stephanie.panus,sara.shackleton
stephanie.panus,sara.shackleton
stephanie.panus,sara.shackleton
legal <.taylor@,sara.shackleton
susan.bailey,sara.shackleton
marie.heard,sara.shackleton
susan.bailey,sara.shackleton
legal <.taylor@,sara.shackleton
legal <.taylor@,sara.shackleton
legal <.taylor@,sara.shackleton
tana.jones,sara.shackleton
susan.bailey,sara.shackleton
stephanie.panus,sara.shackleton
marie.heard,sara.shackleton
stephanie.panus,sara.shackleton
susan.bailey,sara.shackleton
marie.heard,sara.shackleton
legal <.taylor@,sara.shackleton
marie.heard,sara.shackleton
marie.heard,sara.shackleton
tana.jones,sara.shackleton
gerald.nemec,sara.shackleton
susan.bailey,sara.shackleton
marie.heard,sara.shackleton
susan.bailey,sara.shackleton
marie.heard,sara.shackleton
marie.heard,sara.shackleton
tana.jones,sara.shackleton
legal <.taylor@,sara.shackleton
legal <.taylor@,sara.shackleton
tana.jones,sara.shackleton
marie.heard,sara.shackleton
marie.heard,sara.shackleton
marie.heard,sara.shackleton
kay.mann,sara.shackleton
kay.mann,sara.shackleton
marie.heard,sara.shackleton
kay.mann,sara.shackleton
tana.jones,sara.shackleton
susan.bailey,sara.shackleton
kay.mann,sara.shackleton
stephanie.panus,sara.shackleton
stephanie.panus,sara.shackleton
stephanie.panus,sara.shackleton
susan.bailey,sara.shackleton
stephanie.panus,sara.shackleton
stephanie.panus,sara.shackleton
susan.bailey,sara.shackleton
tana.jones,sara.shackleton
tana.jones,sara.shackleton
susan.bailey,sara.shackleton
susan.bailey,sara.shackleton
stephanie.panus,sara.shackleton
stephanie.panus,sara.shackleton
susan.bailey,sara.shackleton
susan.bailey,sara.shackleton
susan.bailey,sara.shackleton
stephanie.panus,sara.shackleton
susan.bailey,sara.shackleton
stephanie.panus,sara.shackleton
stephanie.panus,sara.shackleton
marie.heard,sara.shackleton
marie.heard,sara.shackleton
marie.heard,sara.shackleton
marie.heard,sara.shackleton
d..steffes,richard.shapiro
jeff.dasovich,richard.shapiro
jeff.dasovich,richard.shapiro
mike.grigsby,s..shively
scott.neal,s..shively
mike.grigsby,s..shively
j..sturm,s..shively
louise.kitchen,s..shively
kam.keiser,s..shively
jay.reitmeyer,s..shively
jay.reitmeyer,s..shively
jay.reitmeyer,s..shively
c..giron,s..shively
j..sturm,s..shively
louise.kitchen,s..shively
michelle.cash,s..shively
kenneth.lay,jeff.skilling
stanley.horton,jeff.skilling
jeff.dasovich,jeff.skilling
stanley.horton,jeff.skilling
richard.shapiro,jeff.skilling
rod.hayslett,jeff.skilling
cara.semperger,ryan.slinger
albert.meyers,ryan.slinger
charles.weldon,matt.smith
matthew.lenhart,matt.smith
mike.grigsby,matt.smith
mike.grigsby,matt.smith
mike.grigsby,matt.smith
mike.grigsby,matt.smith
mike.grigsby,matt.smith
mike.grigsby,matt.smith
monique.sanchez,matt.smith
mike.grigsby,matt.smith
kam.keiser,matt.smith
kam.keiser,matt.smith
kam.keiser,matt.smith
kam.keiser,matt.smith
kam.keiser,matt.smith
kam.keiser,matt.smith
mike.grigsby,matt.smith
mike.grigsby,matt.smith
mike.grigsby,matt.smith
mike.grigsby,matt.smith
mike.grigsby,matt.smith
kam.keiser,matt.smith
kam.keiser,matt.smith
matthew.lenhart,matt.smith
kam.keiser,matt.smith
mike.grigsby,matt.smith
matthew.lenhart,matt.smith
monique.sanchez,matt.smith
mike.grigsby,matt.smith
bill.williams,geir.solberg
bill.williams,geir.solberg
bill.williams,geir.solberg
bill.williams,geir.solberg
bill.williams,geir.solberg
albert.meyers,geir.solberg
cara.semperger,geir.solberg
bill.williams,geir.solberg
ryan.slinger,geir.solberg
bill.williams,geir.solberg
cara.semperger,geir.solberg
cara.semperger,geir.solberg
bill.williams,geir.solberg
bill.williams,geir.solberg
ryan.slinger,geir.solberg
bill.williams,geir.solberg
bill.williams,geir.solberg
bill.williams,geir.solberg
bill.williams,geir.solberg
bill.williams,geir.solberg
cara.semperger,geir.solberg
t..lucci,theresa.staab
t..lucci,theresa.staab
t..lucci,theresa.staab
mark.whitt,theresa.staab
t..lucci,theresa.staab
jeff.dasovich,d..steffes
jeff.dasovich,d..steffes
jeff.dasovich,d..steffes
jeff.dasovich,d..steffes
dana.davis,d..steffes
richard.shapiro,d..steffes
j..kean,d..steffes
doug.gilbert-smith,d..steffes
jeff.dasovich,d..steffes
jeff.dasovich,d..steffes
louise.kitchen,d..steffes
louise.kitchen,d..steffes
jeff.dasovich,d..steffes
richard.shapiro,d..steffes
jeff.dasovich,d..steffes
jeff.dasovich,d..steffes
jeff.dasovich,d..steffes
richard.shapiro,d..steffes
jeff.dasovich,d..steffes
jeff.dasovich,d..steffes
jeff.dasovich,d..steffes
jeff.dasovich,d..steffes
jeff.dasovich,d..steffes
richard.shapiro,d..steffes
louise.kitchen,d..steffes
richard.shapiro,d..steffes
jeff.dasovich,d..steffes
richard.shapiro,d..steffes
jeff.dasovich,d..steffes
jeff.dasovich,d..steffes
jeff.dasovich,d..steffes
jeff.dasovich,d..steffes
jeff.dasovich,d..steffes
doug.gilbert-smith,d..steffes
dana.davis,d..steffes
doug.gilbert-smith,d..steffes
don.baughman,joe.stepenovitch
don.baughman,joe.stepenovitch
susan.scott,joe.stepenovitch
don.baughman,joe.stepenovitch
don.baughman,joe.stepenovitch
don.baughman,joe.stepenovitch
susan.scott,joe.stepenovitch
susan.scott,joe.stepenovitch
susan.scott,joe.stepenovitch
l..mims,geoff.storey
s..shively,geoff.storey
louise.kitchen,geoff.storey
m..love,geoff.storey
m..love,geoff.storey
w..white,geoff.storey
m..love,geoff.storey
sally.beck,j..sturm
m..presto,j..sturm
mike.grigsby,j..sturm
stephanie.panus,j..sturm
cara.semperger,mike.swerzbin
mike.grigsby,mike.swerzbin
louise.kitchen,mike.swerzbin
mike.grigsby,mike.swerzbin
mike.grigsby,mike.swerzbin
matt.motley,mike.swerzbin
diana.scholtes,mike.swerzbin
diana.scholtes,mike.swerzbin
diana.scholtes,mike.swerzbin
matt.motley,mike.swerzbin
louise.kitchen,mike.swerzbin
louise.kitchen,mike.swerzbin
stephanie.panus,legal <.taylor@
elizabeth.sager,legal <.taylor@
sara.shackleton,legal <.taylor@
sara.shackleton,legal <.taylor@
sara.shackleton,legal <.taylor@
tana.jones,legal <.taylor@
andy.zipper,legal <.taylor@
sara.shackleton,legal <.taylor@
tana.jones,legal <.taylor@
louise.kitchen,legal <.taylor@
louise.kitchen,legal <.taylor@
elizabeth.sager,legal <.taylor@
sara.shackleton,legal <.taylor@
sara.shackleton,legal <.taylor@
sara.shackleton,legal <.taylor@
tana.jones,legal <.taylor@
louise.kitchen,legal <.taylor@
sara.shackleton,legal <.taylor@
sara.shackleton,legal <.taylor@
elizabeth.sager,legal <.taylor@
sara.shackleton,legal <.taylor@
susan.bailey,legal <.taylor@
susan.bailey,legal <.taylor@
sara.shackleton,legal <.taylor@
marie.heard,legal <.taylor@
sara.shackleton,legal <.taylor@
tana.jones,legal <.taylor@
sara.shackleton,legal <.taylor@
sara.shackleton,legal <.taylor@
susan.bailey,legal <.taylor@
sara.shackleton,legal <.taylor@
f..campbell,d..thomas
joe.stepenovitch,d..thomas
elizabeth.sager,d..thomas
m..presto,d..thomas
elizabeth.sager,d..thomas
don.baughman,d..thomas
don.baughman,d..thomas
chris.germany,judy.townsend
a..martin,judy.townsend
chris.germany,judy.townsend
chris.germany,judy.townsend
chris.germany,judy.townsend
chris.germany,judy.townsend
chris.germany,judy.townsend
chris.germany,judy.townsend
chris.germany,judy.townsend
chris.germany,judy.townsend
chris.germany,judy.townsend
chris.germany,judy.townsend
scott.neal,judy.townsend
chris.germany,judy.townsend
chris.germany,judy.townsend
jeff.dasovich,barry.tycholiz
mike.grigsby,barry.tycholiz
jeff.dasovich,barry.tycholiz
jeff.dasovich,barry.tycholiz
mike.grigsby,barry.tycholiz
mike.grigsby,barry.tycholiz
gerald.nemec,barry.tycholiz
susan.scott,barry.tycholiz
gerald.nemec,barry.tycholiz
mike.grigsby,barry.tycholiz
gerald.nemec,barry.tycholiz
gerald.nemec,barry.tycholiz
gerald.nemec,barry.tycholiz
jason.wolfe,barry.tycholiz
mark.whitt,barry.tycholiz
gerald.nemec,barry.tycholiz
mark.whitt,barry.tycholiz
mark.whitt,barry.tycholiz
gerald.nemec,barry.tycholiz
mark.whitt,barry.tycholiz
jeff.dasovich,barry.tycholiz
mark.whitt,barry.tycholiz
mark.whitt,barry.tycholiz
mark.whitt,barry.tycholiz
mike.grigsby,barry.tycholiz
mark.whitt,barry.tycholiz
mark.whitt,barry.tycholiz
mark.whitt,barry.tycholiz
mark.whitt,barry.tycholiz
mark.whitt,barry.tycholiz
mark.whitt,barry.tycholiz
jeff.dasovich,barry.tycholiz
mike.grigsby,barry.tycholiz
jeff.dasovich,barry.tycholiz
gerald.nemec,barry.tycholiz
mark.whitt,barry.tycholiz
t..lucci,barry.tycholiz
gerald.nemec,barry.tycholiz
mark.whitt,barry.tycholiz
jeff.dasovich,barry.tycholiz
jeff.dasovich,barry.tycholiz
gerald.nemec,barry.tycholiz
mike.grigsby,barry.tycholiz
mark.whitt,barry.tycholiz
louise.kitchen,barry.tycholiz
gerald.nemec,barry.tycholiz
mike.grigsby,barry.tycholiz
jeff.dasovich,barry.tycholiz
mark.whitt,barry.tycholiz
mark.whitt,barry.tycholiz
jeff.dasovich,barry.tycholiz
louise.kitchen,barry.tycholiz
mike.grigsby,barry.tycholiz
jeff.dasovich,barry.tycholiz
mike.grigsby,barry.tycholiz
jeff.dasovich,barry.tycholiz
mark.whitt,barry.tycholiz
mark.whitt,barry.tycholiz
mark.whitt,barry.tycholiz
jeff.dasovich,barry.tycholiz
jeff.dasovich,barry.tycholiz
gerald.nemec,barry.tycholiz
jeff.dasovich,barry.tycholiz
debra.perlingiere,barry.tycholiz
jeff.dasovich,barry.tycholiz
jeff.dasovich,barry.tycholiz
mark.whitt,barry.tycholiz
mark.whitt,barry.tycholiz
mark.whitt,barry.tycholiz
mark.whitt,barry.tycholiz
mike.grigsby,barry.tycholiz
mike.grigsby,barry.tycholiz
mark.whitt,barry.tycholiz
jeff.dasovich,barry.tycholiz
jeff.dasovich,barry.tycholiz
jeff.dasovich,barry.tycholiz
mark.whitt,barry.tycholiz
jeff.dasovich,barry.tycholiz
gerald.nemec,barry.tycholiz
gerald.nemec,barry.tycholiz
gerald.nemec,barry.tycholiz
mark.whitt,barry.tycholiz
gerald.nemec,barry.tycholiz
mark.whitt,barry.tycholiz
mark.whitt,barry.tycholiz
gerald.nemec,barry.tycholiz
mike.grigsby,barry.tycholiz
mark.whitt,barry.tycholiz
mike.grigsby,barry.tycholiz
mike.grigsby,barry.tycholiz
louise.kitchen,barry.tycholiz
louise.kitchen,barry.tycholiz
jeff.dasovich,barry.tycholiz
gerald.nemec,barry.tycholiz
jeff.dasovich,barry.tycholiz
gerald.nemec,barry.tycholiz
mark.whitt,barry.tycholiz
jeff.dasovich,barry.tycholiz
mark.whitt,barry.tycholiz
mark.whitt,barry.tycholiz
mark.whitt,barry.tycholiz
gerald.nemec,barry.tycholiz
jeff.dasovich,barry.tycholiz
jeff.dasovich,barry.tycholiz
jeff.dasovich,barry.tycholiz
mark.whitt,barry.tycholiz
mark.whitt,barry.tycholiz
gerald.nemec,barry.tycholiz
jeff.dasovich,barry.tycholiz
mark.whitt,barry.tycholiz
louise.kitchen,barry.tycholiz
gerald.nemec,barry.tycholiz
gerald.nemec,barry.tycholiz
gerald.nemec,barry.tycholiz
gerald.nemec,barry.tycholiz
gerald.nemec,barry.tycholiz
john.arnold,kim.ward
gerald.nemec,kim.ward
t..lucci,kim.ward
mike.grigsby,kim.ward
mike.grigsby,kim.ward
gerald.nemec,kim.ward
mike.grigsby,kim.ward
barry.tycholiz,kim.ward
barry.tycholiz,kim.ward
l..gay,kim.ward
kam.keiser,kim.ward
gerald.nemec,kim.ward
john.arnold,kim.ward
mike.grigsby,kim.ward
debra.perlingiere,kim.ward
john.arnold,kim.ward
sara.shackleton,kim.ward
sara.shackleton,kim.ward
sara.shackleton,kim.ward
sara.shackleton,kim.ward
sara.shackleton,kim.ward
mike.grigsby,kim.ward
sara.shackleton,kim.ward
debra.perlingiere,kim.ward
debra.perlingiere,kim.ward
mark.mcconnell,kimberly.watson
kevin.hyatt,kimberly.watson
paul.y'barbo,kimberly.watson
shelley.corman,kimberly.watson
darrell.schoolcraft,kimberly.watson
lynn.blair,kimberly.watson
lynn.blair,kimberly.watson
rod.hayslett,kimberly.watson
michelle.lokay,kimberly.watson
lindy.donoho,kimberly.watson
tracy.geaccone,kimberly.watson
mark.mcconnell,kimberly.watson
mark.mcconnell,kimberly.watson
mark.mcconnell,kimberly.watson
michelle.lokay,kimberly.watson
kevin.hyatt,kimberly.watson
tracy.geaccone,kimberly.watson
mark.mcconnell,kimberly.watson
lindy.donoho,kimberly.watson
mark.mcconnell,kimberly.watson
lindy.donoho,kimberly.watson
michelle.lokay,kimberly.watson
michelle.lokay,kimberly.watson
mark.mcconnell,kimberly.watson
lynn.blair,kimberly.watson
tracy.geaccone,kimberly.watson
kevin.hyatt,kimberly.watson
michelle.lokay,kimberly.watson
shelley.corman,kimberly.watson
kevin.hyatt,kimberly.watson
kevin.hyatt,kimberly.watson
paul.y'barbo,kimberly.watson
lindy.donoho,kimberly.watson
mark.mcconnell,kimberly.watson
bill.rapp,kimberly.watson
lindy.donoho,kimberly.watson
lindy.donoho,kimberly.watson
lindy.donoho,kimberly.watson
lindy.donoho,kimberly.watson
darrell.schoolcraft,kimberly.watson
mark.mcconnell,kimberly.watson
lindy.donoho,kimberly.watson
lindy.donoho,kimberly.watson
lynn.blair,kimberly.watson
paul.y'barbo,kimberly.watson
paul.y'barbo,kimberly.watson
paul.y'barbo,kimberly.watson
kevin.hyatt,kimberly.watson
paul.y'barbo,kimberly.watson
mark.mcconnell,kimberly.watson
mark.mcconnell,kimberly.watson
mark.mcconnell,kimberly.watson
paul.y'barbo,kimberly.watson
mark.mcconnell,kimberly.watson
bill.rapp,kimberly.watson
mark.mcconnell,kimberly.watson
bill.rapp,kimberly.watson
bill.rapp,kimberly.watson
kevin.hyatt,kimberly.watson
bill.rapp,kimberly.watson
bill.rapp,kimberly.watson
bill.rapp,kimberly.watson
bill.rapp,kimberly.watson
bill.rapp,kimberly.watson
bill.rapp,kimberly.watson
bill.rapp,kimberly.watson
bill.rapp,kimberly.watson
tracy.geaccone,kimberly.watson
tracy.geaccone,kimberly.watson
kevin.hyatt,kimberly.watson
michelle.lokay,kimberly.watson
eric.bass,charles.weldon
w..white,charles.weldon
richard.shapiro,greg.whalley
stanley.horton,greg.whalley
j.kaminski,greg.whalley
louise.kitchen,greg.whalley
stanley.horton,greg.whalley
j..kean,greg.whalley
kenneth.lay,greg.whalley
louise.kitchen,greg.whalley
j..kean,greg.whalley
w..delainey,greg.whalley
sally.beck,greg.whalley
louise.kitchen,greg.whalley
andy.zipper,greg.whalley
rick.buy,greg.whalley
a..shankman,greg.whalley
h..lewis,greg.whalley
tom.donohoe,greg.whalley
stanley.horton,greg.whalley
a..shankman,greg.whalley
louise.kitchen,greg.whalley
j..kean,greg.whalley
a..shankman,greg.whalley
a..shankman,greg.whalley
jim.schwieger,greg.whalley
j..kean,greg.whalley
louise.kitchen,greg.whalley
jim.schwieger,greg.whalley
stanley.horton,greg.whalley
k..allen,greg.whalley
a..shankman,greg.whalley
richard.shapiro,greg.whalley
j..kean,greg.whalley
rick.buy,greg.whalley
j..kean,greg.whalley
j..kean,greg.whalley
j..kean,greg.whalley
a..shankman,greg.whalley
j..kean,greg.whalley
louise.kitchen,greg.whalley
rick.buy,greg.whalley
j..kean,greg.whalley
louise.kitchen,greg.whalley
james.derrick,greg.whalley
m..presto,w..white
kam.keiser,w..white
m..presto,w..white
m..presto,w..white
sally.beck,w..white
harry.arora,w..white
louise.kitchen,w..white
m..presto,w..white
louise.kitchen,w..white
sally.beck,w..white
m..presto,w..white
doug.gilbert-smith,w..white
sally.beck,w..white
sally.beck,w..white
louise.kitchen,w..white
m..presto,w..white
t..lucci,mark.whitt
t..lucci,mark.whitt
gerald.nemec,mark.whitt
theresa.staab,mark.whitt
barry.tycholiz,mark.whitt
t..lucci,mark.whitt
t..lucci,mark.whitt
theresa.staab,mark.whitt
theresa.staab,mark.whitt
theresa.staab,mark.whitt
theresa.staab,mark.whitt
gerald.nemec,mark.whitt
barry.tycholiz,mark.whitt
barry.tycholiz,mark.whitt
barry.tycholiz,mark.whitt
barry.tycholiz,mark.whitt
barry.tycholiz,mark.whitt
barry.tycholiz,mark.whitt
barry.tycholiz,mark.whitt
t..lucci,mark.whitt
barry.tycholiz,mark.whitt
t..lucci,mark.whitt
t..lucci,mark.whitt
gerald.nemec,mark.whitt
barry.tycholiz,mark.whitt
barry.tycholiz,mark.whitt
t..lucci,mark.whitt
gerald.nemec,mark.whitt
gerald.nemec,mark.whitt
barry.tycholiz,mark.whitt
gerald.nemec,mark.whitt
gerald.nemec,mark.whitt
gerald.nemec,mark.whitt
barry.tycholiz,mark.whitt
barry.tycholiz,mark.whitt
theresa.staab,mark.whitt
debra.perlingiere,mark.whitt
barry.tycholiz,mark.whitt
gerald.nemec,mark.whitt
gerald.nemec,mark.whitt
barry.tycholiz,mark.whitt
gerald.nemec,mark.whitt
barry.tycholiz,mark.whitt
t..lucci,mark.whitt
theresa.staab,mark.whitt
barry.tycholiz,mark.whitt
barry.tycholiz,mark.whitt
barry.tycholiz,mark.whitt
t..lucci,mark.whitt
t..lucci,mark.whitt
kam.keiser,mark.whitt
kam.keiser,mark.whitt
barry.tycholiz,mark.whitt
barry.tycholiz,mark.whitt
t..lucci,mark.whitt
t..lucci,mark.whitt
kam.keiser,mark.whitt
debra.perlingiere,jason.williams
debra.perlingiere,jason.williams
debra.perlingiere,jason.williams
martin.cuilla,jason.williams
debra.perlingiere,jason.williams
albert.meyers,bill.williams
craig.dean,bill.williams
albert.meyers,bill.williams
albert.meyers,bill.williams
ryan.slinger,bill.williams
albert.meyers,bill.williams
albert.meyers,bill.williams
cara.semperger,bill.williams
cara.semperger,bill.williams
geir.solberg,bill.williams
albert.meyers,bill.williams
doug.gilbert-smith,bill.williams
cara.semperger,bill.williams
albert.meyers,bill.williams
albert.meyers,bill.williams
albert.meyers,bill.williams
mike.grigsby,jason.wolfe
mike.grigsby,jason.wolfe
mike.grigsby,jason.wolfe
mike.grigsby,jason.wolfe
m..love,jason.wolfe
mike.grigsby,jason.wolfe
frank.ermis,jason.wolfe
mike.grigsby,jason.wolfe
mike.grigsby,jason.wolfe
mike.grigsby,jason.wolfe
monique.sanchez,jason.wolfe
mike.grigsby,jason.wolfe
sally.beck,jason.wolfe
mike.grigsby,jason.wolfe
m..love,jason.wolfe
mike.grigsby,jason.wolfe
mike.grigsby,jason.wolfe
mike.grigsby,jason.wolfe
mike.grigsby,jason.wolfe
mike.grigsby,jason.wolfe
kam.keiser,jason.wolfe
keith.holst,jason.wolfe
kam.keiser,jason.wolfe
mike.grigsby,jason.wolfe
eric.bass,jason.wolfe
mike.grigsby,jason.wolfe
mike.grigsby,jason.wolfe
mike.grigsby,jason.wolfe
mike.grigsby,jason.wolfe
matthew.lenhart,jason.wolfe
mike.grigsby,jason.wolfe
kam.keiser,jason.wolfe
kam.keiser,jason.wolfe
kam.keiser,jason.wolfe
matthew.lenhart,jason.wolfe
michelle.lokay,paul.y'barbo
kimberly.watson,paul.y'barbo
michelle.lokay,paul.y'barbo
kimberly.watson,paul.y'barbo
kimberly.watson,paul.y'barbo
mark.mcconnell,paul.y'barbo
kimberly.watson,paul.y'barbo
mark.mcconnell,paul.y'barbo
lindy.donoho,paul.y'barbo
michelle.lokay,paul.y'barbo
kimberly.watson,paul.y'barbo
kimberly.watson,paul.y'barbo
kimberly.watson,paul.y'barbo
michelle.lokay,paul.y'barbo
kimberly.watson,paul.y'barbo
kimberly.watson,paul.y'barbo
kimberly.watson,paul.y'barbo
kimberly.watson,paul.y'barbo
kimberly.watson,paul.y'barbo
michelle.lokay,paul.y'barbo
mark.mcconnell,paul.y'barbo
kimberly.watson,paul.y'barbo
kimberly.watson,paul.y'barbo
michelle.lokay,paul.y'barbo
kimberly.watson,paul.y'barbo
kimberly.watson,paul.y'barbo
mark.mcconnell,paul.y'barbo
lindy.donoho,paul.y'barbo
lindy.donoho,paul.y'barbo
kimberly.watson,paul.y'barbo
kimberly.watson,paul.y'barbo
lindy.donoho,paul.y'barbo
michelle.lokay,paul.y'barbo
kimberly.watson,paul.y'barbo
kimberly.watson,paul.y'barbo
kimberly.watson,paul.y'barbo
kimberly.watson,paul.y'barbo
kimberly.watson,paul.y'barbo
kimberly.watson,paul.y'barbo
bill.rapp,paul.y'barbo
michelle.lokay,paul.y'barbo
michelle.lokay,paul.y'barbo
lindy.donoho,paul.y'barbo
bill.rapp,paul.y'barbo
kimberly.watson,paul.y'barbo
errol.mclaughlin,andy.zipper
louise.kitchen,andy.zipper
a..shankman,andy.zipper
john.griffith,andy.zipper
m..presto,andy.zipper
john.griffith,andy.zipper
john.arnold,andy.zipper
louise.kitchen,andy.zipper
john.arnold,andy.zipper
larry.may,andy.zipper
jonathan.mckay,andy.zipper
errol.mclaughlin,andy.zipper
louise.kitchen,andy.zipper
harry.arora,andy.zipper
w..white,john.zufferli